{
  "overall_status": "Критический",
  "generated_at": "2026-02-13T12:08:11.429467Z",
  "environment": {
    "app_env": "prod",
    "config_source": "config",
    "railway": false,
    "docker": false
  },
  "services": [
    {
      "name": "API backend /health",
      "status": "UNKNOWN",
      "response_time": "3084ms",
      "errors": "n/a"
    },
    {
      "name": "API backend /ready",
      "status": "UNKNOWN",
      "response_time": "2816ms",
      "errors": "n/a"
    },
    {
      "name": "Mgmt API /mgmt/collection/stop",
      "status": "UNKNOWN",
      "response_time": "820ms",
      "errors": "All connection attempts failed"
    },
    {
      "name": "Redis",
      "status": "UNKNOWN",
      "response_time": "-",
      "errors": "REDIS_URL not set"
    },
    {
      "name": "Database db/news.db",
      "status": "OK",
      "response_time": "-",
      "errors": "-"
    },
    {
      "name": "Access DB db/access.db",
      "status": "OK",
      "response_time": "-",
      "errors": "-"
    }
  ],
  "bots": [
    {
      "name": "prod",
      "telegram_ok": "UNKNOWN",
      "handlers_ok": "OK",
      "ai_ok": "UNKNOWN",
      "notes": "token not set"
    },
    {
      "name": "sandbox",
      "telegram_ok": "UNKNOWN",
      "handlers_ok": "OK",
      "ai_ok": "UNKNOWN",
      "notes": "token not set"
    },
    {
      "name": "active",
      "telegram_ok": "UNKNOWN",
      "handlers_ok": "OK",
      "ai_ok": "UNKNOWN",
      "notes": "token not set"
    }
  ],
  "ai": {
    "providers": [
      {
        "provider": "DeepSeek",
        "status": "UNKNOWN",
        "avg_ms": "1995ms",
        "timeout": "10s"
      }
    ],
    "budget_usd": 4.0,
    "budget_tokens": 0
  },
  "database": {
    "path": "db/news.db",
    "checks": [
      {
        "check": "Required tables",
        "status": "OK",
        "notes": "present"
      },
      {
        "check": "Indexes",
        "status": "OK",
        "notes": "present"
      },
      {
        "check": "Orphan records",
        "status": "OK",
        "notes": "user_source_settings=0, user_news_selections=0, ai_summaries=0"
      }
    ],
    "counts": {
      "published_news": 0,
      "sources": 31,
      "ai_usage": 1,
      "source_events": 0,
      "approved_users": 0
    },
    "tables": [
      "ai_summaries",
      "ai_usage",
      "ai_usage_daily",
      "approved_users",
      "bot_lock",
      "bot_settings",
      "delivery_log",
      "feature_flags",
      "invites",
      "llm_cache",
      "published_news",
      "rss_cache",
      "rss_state",
      "source_events",
      "source_health",
      "sources",
      "sqlite_sequence",
      "system_settings",
      "translation_cache",
      "translation_cache_v2",
      "user_news_selections",
      "user_preferences",
      "user_source_settings"
    ]
  },
  "parsing": [
    {
      "source": "https://ria.ru/world/",
      "status": "OK",
      "last_loaded": "-",
      "errors": null
    },
    {
      "source": "https://lenta.ru/tags/geo/",
      "status": "OK",
      "last_loaded": "-",
      "errors": null
    },
    {
      "source": "https://tass.ru/rss/index.xml",
      "status": "OK",
      "last_loaded": "-",
      "errors": null
    },
    {
      "source": "https://www.gazeta.ru/news/",
      "status": "OK",
      "last_loaded": "-",
      "errors": null
    },
    {
      "source": "https://rg.ru/world/",
      "status": "OK",
      "last_loaded": "-",
      "errors": null
    },
    {
      "source": "https://www.rbc.ru/v10/static/rss/rbc_news.rss",
      "status": "OK",
      "last_loaded": "-",
      "errors": null
    },
    {
      "source": "https://russian.rt.com/rss/",
      "status": "ERROR",
      "last_loaded": "-",
      "errors": ""
    },
    {
      "source": "https://www.interfax.ru/world/",
      "status": "OK",
      "last_loaded": "-",
      "errors": null
    },
    {
      "source": "https://iz.ru/xml/rss/all.xml",
      "status": "OK",
      "last_loaded": "-",
      "errors": null
    },
    {
      "source": "https://ren.tv/news",
      "status": "OK",
      "last_loaded": "-",
      "errors": null
    },
    {
      "source": "https://ria.ru/",
      "status": "OK",
      "last_loaded": "-",
      "errors": null
    },
    {
      "source": "https://lenta.ru/",
      "status": "OK",
      "last_loaded": "-",
      "errors": null
    },
    {
      "source": "https://www.gazeta.ru/news/",
      "status": "OK",
      "last_loaded": "-",
      "errors": null
    },
    {
      "source": "https://tass.ru/rss/v2.xml",
      "status": "OK",
      "last_loaded": "-",
      "errors": null
    },
    {
      "source": "https://rg.ru/",
      "status": "OK",
      "last_loaded": "-",
      "errors": null
    },
    {
      "source": "https://ren.tv/news",
      "status": "OK",
      "last_loaded": "-",
      "errors": null
    },
    {
      "source": "https://iz.ru/xml/rss/all.xml",
      "status": "OK",
      "last_loaded": "-",
      "errors": null
    },
    {
      "source": "https://russian.rt.com/rss/",
      "status": "ERROR",
      "last_loaded": "-",
      "errors": ""
    },
    {
      "source": "https://www.rbc.ru/v10/static/rss/rbc_news.rss",
      "status": "OK",
      "last_loaded": "-",
      "errors": null
    },
    {
      "source": "https://rss.kommersant.ru/K40/",
      "status": "ERROR",
      "last_loaded": "-",
      "errors": "[Errno 11001] getaddrinfo failed"
    },
    {
      "source": "https://www.interfax.ru/rss",
      "status": "OK",
      "last_loaded": "-",
      "errors": null
    },
    {
      "source": "https://t.me/mash",
      "status": "OK",
      "last_loaded": "-",
      "errors": null
    },
    {
      "source": "https://t.me/bazabazon",
      "status": "OK",
      "last_loaded": "-",
      "errors": null
    },
    {
      "source": "https://t.me/shot_shot",
      "status": "OK",
      "last_loaded": "-",
      "errors": null
    },
    {
      "source": "https://t.me/mod_russia",
      "status": "OK",
      "last_loaded": "-",
      "errors": null
    },
    {
      "source": "https://ria.ru/location_Moskovskaja_oblast/",
      "status": "OK",
      "last_loaded": "-",
      "errors": null
    },
    {
      "source": "https://lenta.ru/tags/geo/moskovskaya-oblast/",
      "status": "OK",
      "last_loaded": "-",
      "errors": null
    },
    {
      "source": "https://iz.ru/tag/moskovskaia-oblast",
      "status": "ERROR",
      "last_loaded": "-",
      "errors": ""
    },
    {
      "source": "https://tass.ru/moskovskaya-oblast",
      "status": "OK",
      "last_loaded": "-",
      "errors": null
    },
    {
      "source": "https://rg.ru/region/cfo/podmoskovie",
      "status": "OK",
      "last_loaded": "-",
      "errors": null
    },
    {
      "source": "https://360.ru/rubriki/mosobl/",
      "status": "OK",
      "last_loaded": "-",
      "errors": null
    },
    {
      "source": "https://mosreg.ru/sobytiya/novosti",
      "status": "OK",
      "last_loaded": "-",
      "errors": null
    },
    {
      "source": "https://riamo.ru/tag/podmoskove/",
      "status": "OK",
      "last_loaded": "-",
      "errors": null
    },
    {
      "source": "https://mosregtoday.ru/news/",
      "status": "OK",
      "last_loaded": "-",
      "errors": null
    },
    {
      "source": "https://www.interfax-russia.ru/center/novosti-podmoskovya",
      "status": "ERROR",
      "last_loaded": "-",
      "errors": ""
    },
    {
      "source": "https://regions.ru/news",
      "status": "ERROR",
      "last_loaded": "-",
      "errors": ""
    },
    {
      "source": "https://news.yahoo.com/rss/",
      "status": "ERROR",
      "last_loaded": "-",
      "errors": ""
    },
    {
      "source": "https://news.yahoo.com/rss/world",
      "status": "ERROR",
      "last_loaded": "-",
      "errors": ""
    },
    {
      "source": "https://naked-science.ru/",
      "status": "ERROR",
      "last_loaded": "-",
      "errors": ""
    },
    {
      "source": "https://new-science.ru/category/news/",
      "status": "OK",
      "last_loaded": "-",
      "errors": null
    },
    {
      "source": "https://forklog.com/news",
      "status": "ERROR",
      "last_loaded": "-",
      "errors": ""
    },
    {
      "source": "https://t.me/ruptlyalert",
      "status": "OK",
      "last_loaded": "-",
      "errors": null
    },
    {
      "source": "https://t.me/tass_agency",
      "status": "OK",
      "last_loaded": "-",
      "errors": null
    },
    {
      "source": "https://t.me/rian_ru",
      "status": "ERROR",
      "last_loaded": "-",
      "errors": null
    },
    {
      "source": "https://t.me/mod_russia",
      "status": "OK",
      "last_loaded": "-",
      "errors": null
    }
  ],
  "security": [
    {
      "check": "Webhook secret configured",
      "status": "OK"
    },
    {
      "check": "Webhook base URL set",
      "status": "OK"
    },
    {
      "check": "Admin-only sandbox policy",
      "status": "UNKNOWN"
    }
  ],
  "performance": {
    "Memory usage": "UNKNOWN",
    "CPU spikes (30d)": "UNKNOWN",
    "Slow queries > 1s": "UNKNOWN",
    "Slow query log": "UNKNOWN"
  },
  "critical_issues": [
    {
      "level": "КРИТИЧЕСКИЙ",
      "message": "Active BOT_TOKEN missing or placeholder"
    }
  ],
  "counts": {
    "errors": 7,
    "warnings": 71
  }
}